PracNo,PracticeName,Address1,Address2,Address3,Postcode,LCG
1,DR. D IRWIN,HOLYWOOD ARCHES HEALTH CENTRE,WESTMINSTER AVENUE,BELFAST,BT4 1NS,Belfast
3,DR A MCCUTCHEON AND PARTNERS,HOLYWOOD ARCHES HEALTH CENTRE,WESTMINSTER AVE,BELFAST,BT4 1NS,Belfast
5,DR E M CHRISTIE AND PARTNER,CASTLE MEDICAL CENTRE,35-45 CASTLEREAGH ROAD,BELFAST,BT5 5FB,Belfast
6,Dr Browne & Partners,CARRYDUFF SURGERY,HILLSBOROUGH ROAD,CARRYDUFF  BELFAST,BT8 8HR,Belfast
9,Dr Chapman & Partners,372 CREGAGH ROAD,BELFAST,,BT6 9EY,Belfast
10,Dr Wilson,TEMPLEMORE MEDICAL CENTRE,225 ALBERTBRIDGE ROAD,BELFAST,BT5 4PX,Belfast
13,Drs Darragh & Coogan,TEMPLEMORE MEDICAL CENTRE,225 ALBERTBRIDGE ROAD,BELFAST,BT5 4PX,Belfast
14,Dr Coulter & Partners,KERRSLAND SURGERY,169 UPPER NEWTOWNARDS ROAD,BELFAST,BT4 3HZ,Belfast
15,Dr Gardner & Partners,54 HOLYWOOD ROAD,BELFAST,,BT4 1NT,Belfast
16,Dr Dunlop Halliday & Ross,KNOCK MEDICAL CENTRE,423B UPPER NEWTOWNARDS ROAD,BELFAST,BT4 3LH,Belfast
17,Dr Mercer & Partners,HOLYWOOD ARCHES HEALTH CENTRE,WESTMINSTER AVENUE,BELFAST,BT4 1NS,Belfast
18,Dr Hunter & Partners,BRIDGES FAMILY PRACTICE,2-6 BRYSON STREET,BELFAST,BT5 4ES,Belfast
19,Drs Burke & Holmes,LINEN COURT SURGERY,336 BEERSBRIDGE ROAD,BELFAST,BT5 5DY,Belfast
20,Drs Kyle & Courtney,HOLYWOOD ARCHES HEALTH CENTRE,WESTMINSTER AVENUE,BELFAST,BT4 1NS,Belfast
23,Dr Bell & Partners,HARLAND MEDICAL PRACTICE,WESTMINSTER AVENUE,BELFAST,BT4 1NS,Belfast
24,Dr H McKee,THE MOUNT PRACTICE,50 CASTLEREAGH STREET,BELFAST,BT5 4NH,Belfast
28,Drs Gilmer & Craig,HOLYWOOD ARCHES HEALTH CENTRE,WESTMINSTER AVENUE,BELFAST,BT4 1NS,Belfast
29,Drs Savage & McKinstry,CASTLEREAGH MEDICAL CENTRE,21 BALLYGOWAN  ROAD,BELFAST,BT5 7LH,Belfast
30,Drs Baird & Stevens,EASTSIDE SURGERY,56 TEMPLEMORE AVENUE,BELFAST,BT5 4FT,Belfast
31,Dr Callaghan & Partners,DUNDONALD MEDICAL CENTRE,16 CHURCH ROAD,"DUNDONALD, BELFAST",BT16 2LN,Belfast
32,Dr McIlmoyle & Partners,WILLOWFIELD SURGERY,50/52 CASTLEREAGH ROAD,BELFAST,BT5 5FP,Belfast
33,DR. RL MILLER AND PARTNERS,222 WOODSTOCK ROAD,BELFAST,,BT6 9DL,Belfast
36,Dr McComb,HOLYWOOD ARCHES HEALTH CENTRE,WESTMINSTER AVENUE,BELFAST,BT4 1NS,Belfast
37,NULL,CHERRYVALLEY HEALTH CENTRE,KINGS SQUARE,BELFAST,BT5 7BP,Belfast
38,Dr Morrison,CHERRYVALLEY HEALTH CENTRE,KINGS SQUARE,BELFAST,BT5 7BP,Belfast
51,NULL,CORNERSTONE MEDICAL CENTRE,69 SHANKILL ROAD,BELFAST,BT13 1FD,Belfast
52,Dr Rea & Partners,16 MCCANDLESS STREET,CRUMLIN ROAD,BELFAST,BT13 1RU,Belfast
53,Dr B J Colgan,463 FALLS ROAD,BELFAST,,BT12 6DD,Belfast
55,Dr D O'Kane,THE HEALTH CENTRE,94-100 CRUMLIN ROAD,BELFAST,BT14 6AR,Belfast
57,DR. JE CAMPBELL AND PARTNERS,THE CARRICK HILL MEDICAL CENTRE,1 CARRICK HILL,BELFAST,BT1 2JR,Belfast
58,DR B J FARNAN & PARTNERS,THE GROUP SURGERY,257 NORTH QUEEN STREET,BELFAST,BT15 1HS,Belfast
60,DR. GE BURNS AND PARTNER,165 DUNCAIRN GARDENS,BELFAST,CO ANTRIM,BT15 2GE,Belfast
61,Dr Crossin & Partners,THE CARRICK HILL MEDICAL CENTRE,1 CARRICK HILL,BELFAST,BT1 2JR,Belfast
62,NULL,GARDINER FAMILY PRACTICE,CRUMLIN ROAD HEALTH CENTRE,"100 CRUMLIN ROAD, BELFAST",BT14 6AR,Belfast
63,Drs McMullan & O'Donnell,WILLOW MEDICAL PRACTICE,155 ANDERSONSTOWN ROAD,BELFAST,BT11 9EA,Belfast
64,Drs Donaghy & Murphy,DUNVILLE HEALTH CENTRE,309 GROSVENOR ROAD,BELFAST,BT12 4LP,Belfast
66,NULL,"GROVE WELLBEING CENTRE, PARKSIDE SURGERY",120 YORK ROAD,BELFAST,BT15 3HF,Belfast
68,Dr Crawford & Partners,136/138 SHANKILL ROAD,BELFAST,,BT13 2BD,Belfast
69,Drs Tan & McGirr (1),FLAX CENTRE,ARDOYNE AVENUE,BELFAST,BT14 7DA,Belfast
70,Dr Rainey & Partners,BALLYSILLAN GROUP PRACTICE,156-158 BALLYSILLAN ROAD,BELFAST,BT14 7QR,Belfast
71,NULL,463 SPRINGFIELD ROAD,BELFAST,,BT12 7DP,Belfast
72,Dr R H McKee,MOUNTAINVIEW SURGERY,585 CRUMLIN ROAD,BELFAST,BT14 7GB,Belfast
73,NULL,CRUMLIN ROAD FAMILY PRACTICE,CRUMLIN ROAD HEALTH CENTRE,"94-100 CRUMLIN ROAD, BELFAST",BT14 6AR,Belfast
74,Drs Ryan & Simpson,DR SIMPSON & DR BEATTIE,NORTHGATE FAMILY PRACTICE,"36 DUNCAIRN GARDENS, BELFAST",BT15 2GH,Belfast
75,Dr Lenfestey & Partners,GROSVENOR ROAD SURGERY,216 GROSVENOR ROAD,BELFAST,BT12 5LT,Belfast
79,Dr Bready & Partners,70 SPRINGFIELD ROAD,BELFAST,CO ANTRIM,BT12 7AH,Belfast
80,DR. KB SWAIN AND PARTNERS,460 OLDPARK ROAD,BELFAST,,BT14 6QG,Belfast
81,Dr Giles & Partners,46 SPRINGFIELD ROAD,BELFAST,,BT12 7AH,Belfast
83,NULL,"GROVE WELLBEING CENTRE, GROVE MEDICAL PRACTICE",120 YORK ROAD,BELFAST,BT15 3HF,Belfast
84,Drs Salters & Diamond,186 FALLS ROAD,BELFAST,,BT12 6AG,Belfast
85,Dr MacSorley & Partners,515 ANTRIM ROAD,BELFAST,,BT15 3BS,Belfast
86,Dr Brown & Partners,SALISBURY MEDICAL CENTRE,474 ANTRIM ROAD,BELFAST,BT15 5GF,Belfast
92,NULL,BALLYOWEN HEALTH CENTRE,179 ANDERSONSTOWN ROAD,BELFAST,BT11 9EA,Belfast
93,Dr Sharma & Partners,61 CLIFTONVILLE ROAD,BELFAST,,BT14 6JN,Belfast
94,Dr Cummings & Partners,115 FALLS ROAD,BELFAST,,BT12 6AA,Belfast
95,Dr S J McHugh,BALLYOWEN HEALTH CENTRE,179 ANDERSONSTOWN ROAD,BELFAST,BT11 9EA,Belfast
96,NULL,MALVERN FAMILY PRACTICE,69 SHANKILL ROAD,BELFAST,BT13 1FD,Belfast
98,Drs Wilson & McClure,THE LIGONIEL HEALTH CENTRE,74A LIGONIEL ROAD,BELFAST,BT14 8BY,Belfast
101,Drs Toal & Watters,132-136 SANDY ROW,BELFAST,CO ANTRIM,BT12 5EY,Belfast
103,Dr Donnelly & Partners,15/17 CLIFTON STREET,BELFAST,,BT13 1AD,Belfast
104,NULL,17 BALLYGOMARTIN ROAD,BELFAST,,BT13 3BW,Belfast
105,Dr Collins & Partners,OLD CHURCH PRACTICE,"2ND FLOOR, CORNERSTONE MEDICAL CENTRE","69 SHANKILL ROAD, BELFAST",BT13 1FD,Belfast
111,NULL,2 THAMES STREET,BELFAST,CO ANTRIM,BT12 6AP,Belfast
113,Dr Dugan,173 ANDERSONSTOWN ROAD,BELFAST,,BT11 9EA,Belfast
114,NULL,33 STEWARTSTOWN ROAD,BELFAST,,BT11 9FZ,Belfast
116,Dr Mulholland & Partners,CROCUS STREET SURGERY,1 CROCUS STREET,BELFAST,BT12 7AP,Belfast
132,DR. S HOLMES AND PARTNERS,THE KELLY PRACTICE,1 DUNLUCE AVENUE,BELFAST,BT9 7HR,Belfast
136,NULL,MOUNT ORIEL MEDICAL PRACTICE,KNOCKBREDA WTC,"110 SAINTFIELD ROAD, BELFAST",BT8 6GR,Belfast
140,DR. R RODRIGUES AND PARTNERS,THE HEALTH CENTRE,1 DUNLUCE AVENUE,BELFAST,BT9 7HR,Belfast
143,Dr Rowan & Partners,THE ROWAN TREE FAMILY PRACTICE,1 DUNLUCE AVENUE,BELFAST,BT9 7HR,Belfast
144,Dr A T Dawson,RAVENBANK SURGERY,113 RAVENHILL ROAD,BELFAST,BT6 8DR,Belfast
145,NULL,15A DONEGALL ROAD,BELFAST,,BT12 5JJ,Belfast
146,Drs Boyd & Hamilton,BALMORAL SURGERY,436 LISBURN ROAD,BELFAST,BT9 6GR,Belfast
147,Dr Dean & Partners,281 ORMEAU ROAD,BELFAST,,BT7 3GG,Belfast
148,Drs Rutherford & McFarland,SOUTH EAST FAMILY PRACTICE,370/372 CREGAGH ROAD,BELFAST,BT6 9EY,Belfast
151,Dr Irwin & Partners,THE HEALTH CENTRE,13/25 FINAGHY ROAD SOUTH,BELFAST,BT10 0BX,Belfast
153,Dr McDonnell & Partners,ORMEAU ROAD HEALTH CENTRE,120 ORMEAU ROAD,BELFAST,BT7 2EB,Belfast
154,Drs McCauley & Toland,142 - 144 UNIVERSITY STREET,BELFAST,,BT7 1HH,Belfast
156,Dr Chakravarty & Partners,BALLYOWEN HEALTH CENTRE,179 ANDERSONSTOWN ROAD,BELFAST,BT11 9EA,Belfast
157,NULL,UNIVERSITY HEALTH CENTRE AT QUEENS,ELMWOOD MANSE,"7 UNIVERSITY TERRACE, BELFAST",BT7 1NP,Belfast
159,Dr Corkey & Partners,485 ORMEAU ROAD,BELFAST,,BT7 3GR,Belfast
162,Drs Collier & Thompson,10/12 LISBURN ROAD,BELFAST,CO ANTRIM,BT9 6AA,Belfast
164,Dr E Murdock,CREGAGH SURGERY,36 MONTGOMERY ROAD,BELFAST,BT6 9HL,Belfast
165,Dr Cashell & Partners,6 NORTH PARADE,BELFAST,,BT7 2GG,Belfast
166,Dr E Cullen,BOTANIC MEDICAL CENTRE,51 BOTANIC AVENUE,BELFAST,BT7 1JL,Belfast
191,DR R T S HARRISON  PARTNERS,THE MONTALTO MEDICAL CENTRE,2 DROMORE ROAD,BALLYNAHINCH,BT24 8AY,South Eastern
192,Dr J McGill,KILLYLEAGH SURGERY,14 DOWNPATRICK ROAD,"KILLYLEAGH, DOWNPATRICK",BT30 9RG,South Eastern
193,Dr Greer & Partners,14 CHURCH VIEW,DUNDRUM,NEWCASTLE,BT33 0NA,South Eastern
194,Drs Hyland & Denvir,THE SURGERY,CAUSEWAY PLACE,NEWCASTLE,BT33 0DN,South Eastern
195,Dr J M Kyle,THE SURGERY,CAUSEWAY PLACE,NEWCASTLE,BT33 0DN,South Eastern
196,DR. M MURPHY,THE HEALTH CENTRE,DOWNPATRICK ROAD,ARDGLASS,BT30 7SF,South Eastern
198,Dr Ross & Partners,THE HEALTH CENTRE,FAIRVIEW,"SAINTFIELD, BALLYNAHINCH",BT24 7AD,South Eastern
201,Dr Bready & Partners,DONARD FAMILY PRACTICE,56 MAIN STREET,"NEWCASTLE, CO DOWN",BT33 0AE,South Eastern
202,Drs Moore & Small,GP & PRIMARY CARE CENTRE,"FIRST FLOOR, DOWN HOSPITAL","STRUELL WELLS ROAD, DOWNPATRICK",BT30 6RL,South Eastern
204,Drs Mulhall & Deeny,THE SURGERY,12 THE GREEN,"IRISH STREET, DOWNPATRICK",BT30 6BE,South Eastern
205,Dr Phillips & Partners,THE SURGERY,JAMES STREET,"CROSSGAR, DOWNPATRICK",BT30 9JU,South Eastern
206,Drs Hannah & McGoldrick,GP & PRIMARY CARE CENTRE,"FIRST FLOOR, DOWN HOSPITAL","STRUELL WELLS ROAD, DOWNPATRICK",BT30 6RL,South Eastern
207,Drs Harney & Harney,STREAM STREET SURGERY,40 STREAM STREET,DOWNPATRICK,BT30 6DE,South Eastern
221,DR. A SMYLIE AND PARTNERS,HEALTH CENTRE,BALLYNAHINCH ST,HILLSBOROUGH,BT26 6AW,South Eastern
222,Dr Bradley & Partners,WOODBROOK MEDICAL PRACTICE,STEWARTSTOWN ROAD,DUNMURRY  BELFAST,BT17 0FB,South Eastern
223,Drs Walmsley & Carson,THE HEALTH CENTRE,LINENHALL STREET,LISBURN,BT28 1LU,South Eastern
224,Dr Cowan & Partners,THE HEALTH CENTRE,LINENHALL STREET,LISBURN,BT28 1LU,South Eastern
226,Dr Hicks & Partners,THE SURGERY,BEGNEY HILL ROAD,DROMARA,BT25 2AT,South Eastern
227,Dr Jefferson & Partners,THE HEALTH CENTRE,LINENHALL STREET,LISBURN,BT28 1LU,South Eastern
228,Drs Forde & Doherty,THE HEALTH CENTRE,LINENHALL STREET,LISBURN,BT28 1LU,South Eastern
229,Dr Greene & Partners,THE HEALTH CENTRE,LINENHALL STREET,LISBURN,BT28 1LU,South Eastern
230,DR. JS HENRY AND PARTNERS,THE HEALTH CENTRE,LINENHALL STREET,LISBURN,BT28 1LU,South Eastern
231,DR. G M WILSON & PARTNERS,THE HEALTH CENTRE,LINENHALL STREET,LISBURN,BT28 1LU,South Eastern
232,Dr Dick & Partners,192 KINGSWAY,DUNMURRY,BELFAST,BT17 9AL,South Eastern
233,DR. OT GALLAGHER AND PARTNER,GLENAVY FAMILY PRACTICE,47 MAIN STREET,"GLENAVY, CRUMLIN",BT29 4LN,South Eastern
234,Drs Patterson & Vaughan,THE HEALTH CENTRE,LINENHALL STREET,LISBURN,BT28 1LU,South Eastern
252,Dr Lavery & Partners,PRIORY SURGERY,26 HIGH STREET,HOLYWOOD,BT18 9AD,South Eastern
253,DR. WJS BAIRD AND PARTNERS,THE HEALTH CENTRE,NEWTOWNARDS ROAD,BANGOR,BT20 4LD,South Eastern
254,Dr Donaldson & Partners,24 LISBARNETT ROAD,LISBANE,NEWTOWNARDS,BT23 6AW,South Eastern
255,Dr H C Johnston & Partners,THE HEALTH CENTRE,NEWTOWNARDS ROAD,BANGOR,BT20 4LD,South Eastern
256,NULL,140 GROOMSPORT ROAD,BANGOR,CO DOWN,BT20 5PE,South Eastern
257,Dr Kane & Partners,THE SURGERY,BROOK STREET,HOLYWOOD,BT18 9DA,South Eastern
258,Drs Drew & Nicol,THE HEALTH CENTRE,NEWTOWNARDS ROAD,BANGOR,BT20 4LD,South Eastern
259,DR. D COMPTON AND PARTNER,CUAN FAMILY PRACTICE,44 HIGH STREET,"PORTAFERRY, NEWTOWNARDS",BT22 1QT,South Eastern
260,Dr Douglas & Partners,THE HEALTH CENTRE,NEWTOWNARDS ROAD,BANGOR,BT20 4LD,South Eastern
261,NULL,KILLYNETHER PRACTICE,2A FREDERICK STREET,NEWTOWNARDS,BT23 4LR,South Eastern
263,Dr J Bissett,DR ROBERT HENRY SURGERY,7A NEWTOWNARDS ROAD,"COMBER, NEWTOWNARDS",BT23 5AU,South Eastern
264,Dr N Majury,SILVERBIRCH MEDICAL PRACTICE,39A SILVERBIRCH ROAD,BANGOR,BT19 6EU,South Eastern
265,NULL,THE SURGERY,1 CHURCH STREET,NEWTOWNARDS,BT23 4FH,South Eastern
267,NULL,THE HEALTH CENTRE,5 NEWTOWNARDS ROAD,"COMBER, NEWTOWNARDS",BT23 5BA,South Eastern
271,Dr Lees & Partners,OLD MILL SURGERY,CHURCH STREET,NEWTOWNARDS,BT23 4AS,South Eastern
272,Dr G F B Horner & Partners,16 A THE SQUARE,COMBER,NEWTOWNARDS,BT23 5DT,South Eastern
273,Drs Leonard & McMillan,THE HEALTH CENTRE,5 NEWTOWNARDS ROAD,"COMBER, NEWTOWNARDS",BT23 5BA,South Eastern
274,Dr  Laird & Partners,BLOOMFIELD SURGERY,95 BLOOMFIELD ROAD,BANGOR,BT20 4XA,South Eastern
275,Drs McCarthy & Webb,REGENCY MEDICAL CENTRE,2A FREDERICK STREET,NEWTOWNARDS,BT23 4LR,South Eastern
276,Dr J Miller & Partners,DONAGHADEE HEALTH CENTRE,3 KILLAUGHEY ROAD,DONAGHADEE,BT21 0BU,South Eastern
278,NULL,THE SURGERY,1 CHURCH STREET,NEWTOWNARDS,BT23 4FH,South Eastern
279,Dr Peacock & Partners,WINDMILL SURGERY,44 HIGH STREET,"PORTAFERRY, NEWTOWNARDS",BT22 1QT,South Eastern
280,Drs Thompson & McMinn,THE HEALTH CENTRE,NEWTOWNARDS ROAD,BANGOR,BT20 4LD,South Eastern
281,NULL,CLELAND PARK SURGERY,2 CLELAND PARK,BANGOR,BT20 3EB,South Eastern
282,Drs Steele & Hughes,THE HEALTH CENTRE,FOWLER WAY,"BALLYWALTER, NEWTOWNARDS",BT22 2PY,South Eastern
283,Dr Steele & Partners,LOUGH VIEW SURGERY,2 MAIN STREET,"KIRCUBBIN, NEWTOWNARDS",BT22 2SP,South Eastern
284,Drs Armstrong & Stelfox,THE SURGERY,1 CHURCH STREET,NEWTOWNARDS,BT23 4FH,South Eastern
285,NULL,GREEN ROAD MEDICAL CENTRE,5 GREEN ROAD,"CONLIG, NEWTOWNARDS",BT23 7PZ,South Eastern
302,Dr Green & Partners,THE SURGERY,80 CASTLETON,"TEMPLEPATRICK, BALLYCLARE",BT39 0AZ,Northern
303,Dr Hyndman & Partners,1 GLENAVY ROAD,CRUMLIN,CO ANTRIM,BT29 4LA,Northern
304,NULL,"MAINE MEDICAL, THE HEALTH CENTRE",PORTGLENONE ROAD,"AHOGHILL, BALLYMENA",BT42 1LE,Northern
305,NULL,THE HEALTH CENTRE,CUSHENDALL ROAD,BALLYMENA,BT43 6HQ,Northern
307,DR W HOGG AND PARTNER,"CASTLE MEDICAL PRACTICE, ANTRIM HEALTH CENTRE",32A STATION ROAD,ANTRIM,BT41 4BS,Northern
308,DR. HUNTER AND PARTNERS,ORIEL SURGERY,31 ORIEL ROAD,ANTRIM,BT41 4HR,Northern
310,Dr Allen & Partners,CULLYBACKEY HEALTH CENTRE,TOBER PARK,"CULLYBACKEY, BALLYMENA",BT42 1NW,Northern
311,Drs Magowan & Magowan,THE SURGERY,77 GALGORM ROAD,BALLYMENA,BT42 1AA,Northern
312,NULL,SLEMISH VIEW MEDICAL PRACTICE,BALLYMENA HEALTH & CARE CENTRE,"86 CUSHENDALL ROAD, BALLYMENA",BT43 6HB,Northern
313,Drs Russell & Simms,THE GABLES,45 WAVENEY ROAD,BALLYMENA,BT43 5BA,Northern
314,NULL,THE HEALTH CENTRE,CUSHENDALL ROAD,BALLYMENA,BT43 6HQ,Northern
315,NULL,CUSHENDALL ROAD,BALLYMENA,CO ANTRIM,BT43 6HQ,Northern
317,Dr Redmond & Partners,THE HEALTH CENTRE,76 MAIN STREET,BROUGHSHANE BALLYMENA,BT42 4JA,Northern
319,DR. W.J.C.WILSON AND PARTNERS,PORTGLENONE HEALTH CENTRE,17 TOWNHILL ROAD,"PORTGLENONE, BALLYMENA",BT44 8AD,Northern
321,NULL,THE HEALTH CENTRE,CUSHENDALL ROAD,BALLYMENA,BT43 6HQ,Northern
323,Dr J D Simpson,SMITHFIELD MEDICAL CENTRE,7 SMITHFIELD PLACE,"GALGORM ROAD, BALLYMENA",BT43 5HB,Northern
325,Dr R H Bill,KELLS & CONNOR MEDICAL CENTRE,36 CHURCH ROAD,"KELLS, BALLYMENA",BT42 3JU,Northern
326,DR. MCCUSKER AND PARTNERS,THE FAMILY PRACTICE,THE HEALTH CENTRE,"STATION ROAD, ANTRIM",BT41 4BS,Northern
327,Drs Leggett & Kidd,THE HEALTH CENTRE,STATION ROAD,ANTRIM,BT41 4BS,Northern
328,NULL,MAINE MEDICAL PRACTICE,"OLD MILL PARK, MAIN STREET","CULLYBACKEY, BALLYMENA",BT42 1GP,Northern
329,DR. HUTCHINSON & PARTNER,THE HEALTH CENTRE,STATION ROAD,ANTRIM,BT41 4BS,Northern
330,Drs Turk & McKenna,THE HEALTH CENTRE,STATION ROAD, ANTRIM,BT41 4BS,Northern
331,Drs Huey & Khanna,BRAID FAMILY PRACTICE,BALLYMENA HEALTH & CARE CENTRE,"86 CUSHENDALL ROAD, BALLYMENA",BT43 6HB,Northern
333,DR D S RAINEY,THE SURGERY,"TOOME HOUSE, 55 MAIN STREET","TOOMEBRIDGE, ANTRIM",BT41 3TF,Northern
334,Dr McIlroy & Partners,THE HEALTH CENTRE,5 NEILLSBROOK ROAD,"RANDALSTOWN, ANTRIM",BT41 3AE,Northern
336,Dr Hegan & Partners,2 MALLUSK ROAD,NEWTOWNABBEY,,BT36 4PP,Northern
337,DR KYLE AND PARTNERS,GLENGORMLEY PRACTICE,324 ANTRIM ROAD,NEWTOWNABBEY,BT36 5EQ,Northern
341,DR. BECK AND PARTNERS,THE HEALTH CENTRE,CASTLEROCK ROAD,COLERAINE,BT51 3HP,Northern
344,NULL,KILLOWEN MEDICAL CENTRE,CASTLEROCK ROAD,COLERAINE,BT51 3HP,Northern
345,Dr Johnston & Partners,BALLYMONEY FAMILY PRACTICE,BALLYMONEY HEALTH CENTRE,"21B NEWAL ROAD, BALLYMONEY",BT53 6HB,Northern
346,Dr Shannon & Partners,LODGE HEALTH,20 LODGE MANOR,COLERAINE,BT52 1JX,Northern
349,Dr Lynch &  Partners,THE COUNTRY MEDICAL PRACTICE,122 BALLINLEA ROAD,"ARMOY, BALLYMONEY",BT53 8TY,Northern
350,Drs Wee & Brown,6 PRIESTLAND ROAD,BUSHMILLS,,BT57 8QP,Northern
351,DR. JS BAILIE AND PARTNERS,PORTRUSH MEDICAL CENTRE,17 DUNLUCE AVENUE,PORTRUSH,BT56 8DW,Northern
352,Dr Kerr & Partners,GARVAGH HEALTH CENTRE,110 MAIN STREET,"GARVAGH, COLERAINE",BT51 5AE,Northern
354,Drs J Harley & D Harley,THE FAMILY PRACTICE,6 LEVER ROAD,PORTSTEWART,BT55 7EF,Northern
355,Dr McGurk & Partners,THE HEALTH CENTRE,36 GARVAGH ROAD,"KILREA, COLERAINE",BT51 5QP,Northern
356,Dr Turner &  Partners,4 MOUNTSANDEL ROAD,COLERAINE,CO LONDONDERRY,BT52 1JB,Northern
357,Dr McSparran & Partners,GLENS OF ANTRIM MEDICAL CENTRE,2 GORTACLEE ROAD,"CUSHENDALL, BALLYMENA",BT44 0TE,Northern
358,Drs Nutt & Siberry,LIFFOCK,69 SEA ROAD,"CASTLEROCK, COLERAINE",BT51 4TW,Northern
360,Drs Henderson & Young,THE HEALTH CENTRE,10 MONEYLECK ROAD,"RASHARKIN, BALLYMENA",BT44 8QB,Northern
361,Dr Fannin & Partners,THE HEALTH CENTRE,ROBINSON MEMORIAL HOSPITAL,BALLYMONEY,BT53 6HH,Northern
366,NULL,THE HEALTH CENTRE,DALRIADA HOSPITAL,BALLYCASTLE,BT54 6BA,Northern
367,Drs McCurdy & Armstrong,THE FROCESS MEDICAL CENTRE,56 MAIN STREET,"CLOUGHMILLS, BALLYMENA",BT44 9LF,Northern
368,Dr Bell & Partners,THE HEALTH CENTRE,DALRIADA HOSPITAL,BALLYCASTLE,BT54 6BA,Northern
369,Dr Carlin & Partners,PORTSTEWART MEDICAL CENTRE,MILL ROAD,PORTSTEWART,BT55 7SW,Northern
382,Dr Esler & Partners,MEADOWBRIDGE SURGERY,SLAUGHTERFORD ROAD,"WHITEHEAD, CARRICKFERGUS",BT38 9TG,Northern
384,Drs Mitchell & Swan,"BLACKARCH SURGERY, LARNE HEALTH CENTRE",GLOUCESTER AVENUE,LARNE,BT40 1PB,Northern
385,Dr Gamble & Partners,OLD SCHOOL SURGERY,54 STATION ROAD,"GREENISLAND, CARRICKFERGUS",BT38 8TP,Northern
386,Dr B D Glover,ANTRIM COAST MEDICAL PRACTICE,7 THE CLONEY,"GLENARM, BALLYMENA",BT44 0AB,Northern
387,DR. FERGUSON AND PARTNERS,THE HEALTH CENTRE,TAYLORS AVENUE,CARRICKFERGUS,BT38 7HT,Northern
388,Dr Dunn & Partners,INVER SURGERY,MOYLE MEDICAL CENTRE,"OLD GLENARM ROAD, LARNE",BT40 1XH,Northern
389,Dr McIlroy & Partners,CORRAN SURGERY,MOYLE MEDICAL CENTRE,"OLD GLENARM ROAD, LARNE",BT40 1XH,Northern
390,DR. BRADLEY AND PARTNERS,THE HEALTH CENTRE,TAYLORS AVENUE,CARRICKFERGUS,BT38 7HT,Northern
391,Dr Crory & Partners,VICTORIA SURGERY,MOYLE MEDICAL CENTRE,"OLD GLENARM ROAD, LARNE",BT40 1XH,Northern
393,Dr Craig & Partners,THE HEALTH CENTRE,GLOUCESTER AVENUE,LARNE,BT40 1PB,Northern
394,Drs Howie & Carlisle,"LARNE FAMILY PRACTICE, LARNE HEALTH CENTRE",GLOUCESTER AVENUE,LARNE,BT40 1PB,Northern
395,NULL,ROCKFIELD MEDICAL CENTRE,BALLYMENA,,BT43 6JD,Northern
396,NULL,OLD BANK SURGERY,97 MILL STREET,BALLYMENA,BT43 5AF,Northern
401,Dr Smyth & Partners,THE HEALTH CENTRE,52 ORRITOR ROAD,COOKSTOWN,BT80 8BN,Northern
402,Dr White & Partners,DRAPERSTOWN SURGERY,6 TOBERMORE ROAD,"DRAPERSTOWN, MAGHERAFELT",BT45 7AG,Northern
404,Dr Finch & Partners,67 URBAL ROAD,COAGH,COOKSTOWN,BT80 0DP,Northern
405,Drs McKeever &Flanigan,LOY MEDICAL CENTRE,8 LOY STREET,COOKSTOWN,BT80 8PE,Northern
406,Dr Glancy & Partners,29 GARDEN STREET,MAGHERAFELT,CO LONDONDERRY,BT45 5DD,Northern
407,Dr O'Kane & Partners,OAKS FAMILY PRACTICE CENTRE,48 ORRITOR ROAD,COOKSTOWN,BT80 8BH,Northern
409,Drs McCoy & McCammon,THE HEALTH CENTRE,50 HILLHEAD,"STEWARTSTOWN, DUNGANNON",BT71 5HY,Northern
410,Dr Overend & Partners,MAGHERA MEDICAL CENTRE,25 CHURCH STREET,MAGHERA,BT46 5EA,Northern
412,Drs Ramsey & Johnston,THE DIAMOND MEDICAL CENTRE,MARKET SQUARE,MAGHERAFELT,BT45 6ED,Northern
413,Dr R Graham,LOY BUILDINGS,18 LOY STREET,COOKSTOWN,BT80 8PE,Northern
417,Dr Barker & Partners,THE SURGERY,STATION ROAD,"CASTLEDAWSON, MAGHERAFELT",BT45 8AZ,Northern
418,Drs Ramsey & Johnston,THE DIAMOND MEDICAL CENTRE,MARKET SQUARE,MAGHERAFELT,BT45 6ED,Northern
419,Dr M A Charlton,FAIR HILL HEALTH CENTRE,MAGHERAFELT,CO LONDONDERRY,BT45 6BL,Northern
420,Drs Miller & Kuriacose,MONEYMORE  MEDICAL PRACTICE,3 FAIRHILL,MONEYMORE,BT45 7LJ,Northern
431,DR. CROSBIE AND PARTNERS,WHITEHOUSE MEDICAL GROUP PRACTICE,"UNIT 29A, FIRST FLOOR, ABBEYCENTRE","LONGWOOD ROAD, NEWTOWNABBEY",BT37 9UH,Northern
433,Dr Rafferty & Partners,THE HEALTH CENTRE,GEORGE AVENUE,BALLYCLARE,BT39 9HL,Northern
434,Dr Farrell & Partners,ABBOTS CROSS MEDICAL PRACTICE,92 DOAGH ROAD,NEWTOWNABBEY,BT37 9QW,Northern
438,Dr Neary & Partners,TRAMWAYS MEDICAL CENTRE,FARMLEY ROAD,NEWTOWNABBEY,BT36 7XX,Northern
440,DR. A.J. DARRAH AND PARTNERS,NOTTING HILL MEDICAL PRACTICE,DOAGH ROAD,NEWTOWNABBEY,BT37 9QN,Northern
451,NULL,BROWNLOW HEALTH CENTRE,1 LEGAHORY CENTRE,"LEGAHORY, CRAIGAVON",BT65 5BE,Southern
453,NULL,BANBRIDGE GROUP SURGERY,1 OLD HOSPITAL ROAD,BANBRIDGE,BT32 3GN,Southern
454,Dr Cupples & Partners,THE SURGERY,11 MAIN STREET,"LOUGHBRICKLAND, BANBRIDGE",BT32 3NQ,Southern
455,Dr Logan & Partners,THE HEALTH CENTRE,CASTLEVIEW,"GILFORD, CRAIGAVON",BT63 6JS,Southern
457,Dr Rice & Partners,WYNNE HILL SURGERY,51 HILL STREET,"LURGAN, CRAIGAVON",BT66 6BW,Southern
458,Drs Gray & Troughton,THE HEALTH CENTRE,TAVANAGH AVENUE,PORTADOWN,BT62 3BU,Southern
460,NULL,60A MAIN STREET,DONAGHCLONEY,CRAIGAVON,BT66 7LR,Southern
461,Drs McAuley & Moore,THE HEALTH CENTRE,TAVANAGH AVENUE,"PORTADOWN, CRAIGAVON",BT62 3BU,Southern
462,Dr Davidson & Partners,60 HIGH STREET,LURGAN,CRAIGAVON,BT66 8BA,Southern
463,Dr Wilson & Partners,THE SURGERY,7 MOORES LANE,"LURGAN, CRAIGAVON",BT66 8DW,Southern
464,Drs McAnallen & McAnallen,THE HEALTH CENTRE,TAVANAGH AVENUE,"PORTADOWN, CRAIGAVON",BT62 3BU,Southern
465,Dr Wilson & Partners,28 CHURCH WALK,LURGAN,CRAIGAVON,BT67 9AA,Southern
466,Drs Hunter & Hunter,BROWNLOW MEDICAL PRACTICE,BROWNLOW HEALTH CENTRE,"1 LEGAHORY CENTRE, LEGAHORY",BT65 5BE,Southern
467,Drs Southwell & Zubier,87/89 WILLIAM STREET,LURGAN,CRAIGAVON,BT66 6JB,Southern
469,NULL,BANBRIDGE GROUP SURGERY,1 OLD HOSPITAL ROAD,BANBRIDGE,BT32 3GN,Southern
470,Dr Adams & Partners,THE HEALTH CENTRE,TAVANAGH AVENUE,"PORTADOWN, CRAIGAVON",BT62 3BU,Southern
471,Dr Connolly & Partners,BANBRIDGE GROUP SURGERY,1 OLD HOSPITAL ROAD,BANBRIDGE,BT32 3GN,Southern
472,Drs Murray & Mullan,SCARVA STREET SURGERY,60 SCARVA STREET,"LOUGHBRICKLAND, BANBRIDGE",BT32 3NH,Southern
473,Dr Davis & Partners,52 MAIN STREET,MOIRA,CRAIGAVON,BT67 0LQ,South Eastern
474,Dr McNeice & Partners,50 GALLOWS STREET,DROMORE,CO DOWN,BT25 1BD,Southern
475,Dr Wilson & Partners,8a LURGAN ROAD,AGHALEE,CRAIGAVON,BT67 0DD,South Eastern
476,Dr J A J Chestnutt,THE SURGERY,32 STATION ROAD,"BALLYWARD, CASTLEWELLAN",BT31 9TU,Southern
477,Dr McConnell & Partners,THE HEALTH CENTRE,TAVANAGH AVENUE,"PORTADOWN, CRAIGAVON",BT62 3BU,Southern
478,Dr Good & Partners,THE HEALTH CENTRE,TAVANAGH AVENUE,"PORTADOWN, CRAIGAVON",BT62 3BU,Southern
479,Dr Burnett & Partners,THE HEALTH CENTRE,TAVANAGH AVENUE,"PORTADOWN, CRAIGAVON",BT62 3BU,Southern
481,Dr J D Adams,THE HEALTH CENTRE,TAVANAGH AVENUE,"PORTADOWN, CRAIGAVON",BT62 3BU,Southern
482,Drs Gormley & McCloskey,THE OLD SCHOOL HOUSE MEDICAL CENTRE,1 ANTRIM ROAD,"LURGAN, CRAIGAVON",BT67 9BW,Southern
491,Dr Beckett & Partners,ABBEY COURT SURGERY,DOBBIN LANE,ARMAGH,BT61 7QG,Southern
493,NULL,NORTHLAND SURGERY,79 CUNNINGHAMS LANE,DUNGANNON,BT71 6BX,Southern
494,Dr Boyd & Partners,THE VALLEY MEDICAL PRACTICE,20 COONEEN ROAD,FIVEMILETOWN,BT75 0ND,Southern
495,Dr Ahmed & Partners,CAMPBELL SURGERY,10 QUARRY LANE,DUNGANNON,BT70 1HX,Southern
497,DR. MS CHAMBERS AND PARTNERS,WILLOWBANK,KEADY,CO ARMAGH,BT60 3RL,Southern
498,DR. LA HOBSON AND PARTNER,MCSHANE AND CAMPBELL PRACTICE,"MOY HEALTH CENTRE, CHARLEMONT STREET",MOY,BT71 7SL,Southern
499,Drs Nugent & Irvine,ERRIGAL MEDICAL CENTRE,OLD DUNGANNON ROAD,"BALLYGAWLEY,DUNGANNON",BT70 2EY,Southern
500,NULL,22 BARRACK STREET,COALISLAND,DUNGANNON,BT71 4LS,Southern
501,Dr McConville & Partners,MOY MEDICAL PRACTICE,CHARLEMONT STREET,MOY,BT71 7SL,Southern
502,ers,15 DARTAN REE,TYNAN,ARMAGH,BT60 4QT,Southern
503,Dr Wright & Partners,THE HEALTH CENTRE,NEWRY STREET,"MARKETHILL, ARMAGH",BT60 1TA,Southern
504,NULL,MOY MEDICAL CENTRE,CHARLEMONT STREET,"MOY, DUNGANNON",BT71 7SL,Southern
505,Drs O'Loughlin & Partners,PARKVIEW SURGERY,"SOUTH TYRONE HOSPITAL SITE, CARLAND ROAD,",DUNGANNON,BT71 4AU,Southern
506,Drs McCord & Gribben,2 SYDNEY LANE,AUGHNACLOY,CO TYRONE,BT69 6AF,Southern
507,Dr B Watters,THE HEALTH CENTRE,24A TASSAGH ROAD,KEADY,BT60 3TU,Southern
508,Drs Good & Good,TANDRAGEE MEDICAL CENTRE,3 MONTAGUE STREET,"TANDRAGEE, CRAIGAVON",BT62 2AN,Southern
509,Dr McKay & Partners,57 THOMAS STREET,DUNGANNON,CO TYRONE,BT70 1HW,Southern
512,NULL,THE MEDICAL CENTRE,15 BARRACK STREET,"COALISLAND, DUNGANNON",BT71 4LS,Southern
514,Dr Garvin & Partners,THE ARCHWAY SURGERY,DOBBIN LANE,ARMAGH,BT61 7QG,Southern
515,Dr Turtle & Partners,THE HEALTH CENTRE,"6 GREENVIEW, MAYNOOTH ROAD","RICHHILL,  ARMAGH",BT61 9PD,Southern
516,NULL,THE FRIARY SURGERY,DOBBIN LANE,ARMAGH,BT61 7QG,Southern
517,Dr S R C Murty,39 THOMAS STREET,DUNGANNON,CO TYRONE,BT70 1HN,Southern
519,Dr McKenna & Partners,THE SURGERY,10A LINESIDE,"COALISLAND, DUNGANNON",BT71 4LP,Southern
526,Drs Henry & McAreavy,CORNMARKET SURGERY,NEWRY HEALTH VILLAGE,"MONAGHAN STREET, NEWRY",BT35 6BW,Southern
528,NULL,THE HEALTH CENTRE,MCCORMICK PLACE,"CROSSMAGLEN, NEWRY",BT35 9HD,Southern
529,Dr Mackle & Partners,CORNMARKET SURGERY,NEWRY HEALTH VILLAGE,"MONAGHAN STREET, NEWRY",BT35 6BW,Southern
530,NULL,THE HEALTH CENTRE,JOHN STREET,"RATHFRILAND, NEWRY",BT34 5QH,Southern
531,Drs Allen & Keown,14 KILKEEL ROAD,ANNALONG,NEWRY,BT34 4TH,Southern
532,Dr Woods & Partners,KILKEEL PRIMARY CARE CENTRE,GREENCASTLE STREET,"KILKEEL, NEWRY",BT34 4BH,Southern
533,NULL,6 DRUMINTEE ROAD,MEIGH,NEWRY,BT35 8SJ,Southern
534,Dr Digney & Partners,CLANRYE SURGERY,NEWRY HEALTH VILLAGE,"MONAGHAN STREET, NEWRY",BT35 6BW,Southern
535,NULL,THE HEALTH CENTRE,JOHN STREET,"RATHFRILAND, NEWRY",BT34 5QH,Southern
536,DR. DH GAW AND PARTNERS,SUMMER HILL SURGERY,50 GREAT GEORGES STREET,"WARRENPOINT, NEWRY",BT34 3HS,Southern
537,Dr McVerry & Partners,MCVERRY/MCEVOY MEDICAL CENTRE,NEWRY HEALTH VILLAGE,"MONAGHAN STREET, NEWRY",BT35 6BW,Southern
539,Drs McDowell & Forshaw,CLANRYE SURGERY,NEWRY HEALTH VILLAGE,"MONAGHAN STREET, NEWRY",BT35 6BW,Southern
540,Dr O'Neill & Partners,MEADOWLANDS SURGERY,MONAGHAN STREET,NEWRY,BT35 6BW,Southern
541,NULL,RATHFRILAND SURGERY,9 CASTLEWELLAN ROAD,"RATHFRILAND, NEWRY",BT34 5LY,Southern
542,Dr O'Leary & Partners,53 DUNDALK STREET,NEWTOWNHAMILTON,NEWRY,BT35 0PB,Southern
543,NULL,THE HEALTH CENTRE,SUMMERHILL,"WARRENPOINT, NEWRY",BT34 3JD,Southern
544,Dr Reynolds & Partners,CORNMARKET SURGERY,NEWRY HEALTH VILLAGE,"MONAGHAN STREET, NEWRY",BT35 6BW,Southern
545,Drs Maguire & Deane,MAPHONER SURGERY,2A FORKHILL ROAD,"MULLAGHBAWN, NEWRY",BT35 9RA,Southern
546,NULL,CLANRYE SURGERY,NEWRY HEALTH VILLAGE,"MONAGHAN STREET, NEWRY",BT35 6BW,Southern
547,Drs Shannon & Shannon,THE HEALTH CENTRE,JOHN STREET,"RATHFRILAND, NEWRY",BT34 5QH,Southern
549,DR. AO MULHOLLAND AND PARTNER,THE HEALTH CENTRE,2A MARKETHILL ROAD,"NEWTOWNHAMILTON, NEWRY",BT35 0BE,Southern
551,Dr P M Fee,RATHKEELAND HOUSE,1 BLANEY ROAD,"CROSSMAGLEN, NEWRY",BT35 9JJ,Southern
552,Dr M Sweeney,THE HEALTH CENTRE,MCCORMICK PLACE,"CROSSMAGLEN, NEWRY",BT35 9HD,Southern
553,Dr M Bonner,MARINA SURGERY,15 HAVELOCK PLACE,"WARRENPOINT, NEWRY",BT34 3NE,Southern
554,Drs Poots & O'Loughlin,MOURNE FAMILY SURGERY,"MOURNE HOSPITAL, NEWRY STREET","KILKEEL,NEWRY",BT34 4DN,Southern
555,NULL,KILKEEL PRIMARY CARE CENTRE,GREENCASTLE STREET,"KILKEEL, NEWRY",BT34 4BH,Southern
556,DR. J MERCER AND PARTNERS,SHANLIEVE SURGERY,"KILKEEL PRIMARY CARE CENTRE, GREENCASTLE STREET","KILKEEL, NEWRY",BT34 4BH,Southern
557,NULL,ARBOR FAMILY PRACTICE,BROWNLOW HEALTH CENTRE,"1 LEGAHORY CENTRE, LEGAHORY, CRAIGAVON",BT65 5BE,Southern
561,Dr R T Leary,THE HEALTH CENTRE,DRUMHAW,"LISNASKEA, ENNISKILLEN",BT92 0FP,Western
562,Dr Armstrong & Partners (2),THE HEALTH CENTRE,ERNE ROAD,ENNISKILLEN,BT74 6NN,Western
563,Dr Mulligan & Partners,"DEVENISH PRACTICE, THE HEALTH CENTRE",ERNE ROAD,ENNISKILLEN,BT74 6NN,Western
564,Dr Davidson & Partners,LAKESIDE MEDICAL PRACTICE,ERNE ROAD,ENNISKILLEN,BT74 6NN,Western
566,Dr Hutchinson & Partners,IRVINESTOWN HEALTH CENTRE,CHURCH STREET,IRVINESTOWN,BT94 1EH,Western
568,Drs Mallon & Mcconville,THE HEALTH CENTRE,ERNE ROAD,ENNISKILLEN,BT74 6NN,Western
569,Dr K F Devlin,LURGANBOY PARK,CLONES ROAD,"NEWTOWNBUTLER, ENNISKILLEN",BT92 6JT,Western
571,Dr Cathcart & Partners,THE HEALTH CENTRE,ERNE ROAD,ENNISKILLEN,BT74 6NN,Western
574,Dr George & Partners,MAPLE GROUP PRACTICE,DRUMHAW,"LISNASKEA, ENNISKILLEN",BT92 0FP,Western
576,Dr Deeny & Partners,RATHMORE CLINIC,BELLEEK,ENNISKILLEN,BT93 3FY,Western
578,Dr M Mellotte,THE SURGERY,EDERNEY,ENNISKILLEN,BT93 0AR,Western
579,DR. ME CAMPBELL,20 UPPER MAIN ST,ROSLEA,ENNISKILLEN,BT92 7LT,Western
581,Drs Kirby & Kirby,75 MAIN STREET,DERRYLIN,ENNISKILLEN,BT92 9LB,Western
582,Dr M Smyth,THE SURGERY,DRUMGOON,"MAGUIRESBRIDGE, ENNISKILLEN",BT94 4PB,Western
583,Drs Groves-Raines & Khew,32 MAIN STREET,DERRYGONNELLY,ENNISKILLEN,BT93 6HW,Western
584,DR. MJ SCOTT AND PARTNER,BROOKEBOROUGH SURGERY,9 TANYARD LANE,"BROOKEBOROUGH, ENNISKILLEN",BT94 4JG,Western
585,Dr K Sweeney,BENAUGHLIN HEALTH CENTRE,DRUMLAGHY,"FLORENCECOURT, ENNISKILLEN",BT92 1BZ,Western
586,Dr J McCusker,TEMPO MEDICAL CENTRE,EDENMORE,"TEMPO, ENNISKILLEN",BT94 3LU,Western
596,NULL,"CITYVIEW MEDICAL, WATERSIDE HEALTH CENTRE",SPENCER ROAD,LONDONDERRY,BT47 6AH,Western
597,Dr Finlay & Partners,BOVALLY MEDICAL CENTRE,2 ROSSAIR ROAD,LIMAVADY,BT49 0TE,Western
598,Dr Cosgrove & Partners,QUAYSIDE MEDICAL PRACTICE,80 - 84 STRAND ROAD,LONDONDERRY,BT48 7NN,Western
599,DR. IP SINGH AND PARTNERS,"PARK MEDICAL, THE HEALTH CENTRE",GREAT JAMES STREET,LONDONDERRY,BT48 7DH,Western
600,Dr Gordon & Partners,THE HEALTH CENTRE,IRWIN CRESCENT,"CLAUDY, LONDONDERRY",BT47 4AB,Western
601,NULL,MOURNESIDE MEDICAL CENTRE,1A BALLYCOLMAN AVENUE,STRABANE,BT82 9AF,Western
602,Dr Casey & Partners,OAKLEAF MEDICAL PRACTICE,GREAT JAMES STREET,LONDONDERRY,BT48 7DH,Western
603,Drs Mariswamy & Byrne,THE HEALTH CENTRE,FEENY,LONDONDERRY,BT47 4TD,Western
604,Dr McCloskey & Partners,THE ABERFOYLE SURGERY,120 STRAND ROAD,LONDONDERRY,BT48 7NY,Western
605,Dr Fullerton,256 BERRYHILL ROAD,DUNAMANAGH,STRABANE,BT82 0NB,Western
606,Dr Magnier & Partners,BRIDGE STREET MEDICAL CENTRE,BRIDGE STREET,LONDONDERRY,BT48 6LD,Western
608,DR. NR BRENNAN AND PARTNERS,ABBEY MEDICAL PRACTICE,ABBEY STREET,LONDONDERRY,BT48 9DN,Western
609,Dr McCleery & Partners,ROSSAIR FAMILY PRACTICE,2 ROSSAIR ROAD,LIMAVADY,BT49 0TE,Western
610,Dr Quigley & Partners,STRABANE HEALTH CENTRE,UPPER MAIN STREET,STRABANE,BT82 8AS,Western
614,Drs Johnston & Murphy,DUNGIVEN HEALTH CENTRE,DUNGIVEN,LONDONDERRY,BT47 4RS,Western
615,NULL,CLARENDON MEDICAL,35 NORTHLAND AVENUE,LONDONDERRY,BT48 7GW,Western
616,NULL,WESTERN RURAL HEALTHCARE,CASTLEDERG GROUP SURGERY,"13A LOWER STRABANE ROAD, CASTLEDERG",BT81 7AZ,Western
617,Drs Thompson & Greene,MEDICAL CENTRE,5 MILLBROOK STREET,"NEWTOWNSTEWART, OMAGH",BT78 4BW,Western
618,Dr P Doherty,49 CLARENDON STREET,LONDONDERRY,,BT48 7ER,Western
619,Dr McKenny & Partners,THE HEALTH CENTRE,SCROGGY ROAD,LIMAVADY,BT49 0NA,Western
620,Dr Watson & Partners,STRABANE HEALTH CENTRE,UPPER MAIN STREET,STRABANE,BT82 8AS,Western
621,Drs Ahmed & Deane,NORTHSIDE MEDICAL PRACTICE,"SHANTALLOW HEALTH CENTRE, RACECOURSE ROAD",LONDONDERRY,BT48 8NL,Western
622,Dr Brennan & Partners,"RACECOURSE MEDICAL, SHANTALLOW HEALTH CENTRE",RACECOURSE ROAD,LONDONDERRY,BT48 8NL,Western
623,DR. TJM CRAIG AND PARTNERS,FOYLESIDE FAMILY PRACTICE,BRIDGE STREET MEDICAL CENTRE,"BRIDGE STREET, LONDONDERRY",BT48 6LD,Western
624,Dr Ashenhurst & Partners,"GLENDERMOTT MEDICAL, WATERSIDE HEALTH CENTRE",SPENCER ROAD,LONDONDERRY,BT47 6AH,Western
625,Dr Abbot & Partners,BAYVIEW MEDICAL CENTRE,3 BAYVIEW TERRACE,LONDONDERRY,BT48 7EE,Western
626,DR DF CONNOLLY AND PARTNERS,"RIVERFRONT MEDICAL, WATERSIDE HEALTH CENTRE",SPENCER ROAD,LONDONDERRY,BT47 6AH,Western
627,Dr Hetherington & Partners,EGLINTON MEDICAL PRACTICE,29 MAIN STREET,"EGLINTON, LONDONDERRY",BT47 3AB,Western
629,Dr Heaney & Partners,THE HEALTH CENTRE,SCROGGY ROAD,LIMAVADY,BT49 0NA,Western
651,Dr Magfhogartai & Partners,FINTONA GROUP PRACTICE,33 DROMORE ROAD,"FINTONA, OMAGH",BT78 2BB,Western
652,DR I D RITCHIE,2H MAIN STREET,DRUMQUIN,CO TYRONE,BT78 4SB,Western
654,Dr Pollock & Partners,"GRANGE FAMILY PRACTICE, THE HEALTH CENTRE",MOUNTJOY ROAD,OMAGH,BT79 7BA,Western
655,Dr P Scully,23 OMAGH ROAD,DRUMQUIN,OMAGH,BT78 4QY,Western
657,NULL,"THREE SPIRES SURGERY, THE HEALTH CENTRE",MOUNTJOY ROAD,OMAGH,BT79 7BA,Western
660,Dr Deeny & Partners,CARRICKMORE HEALTH CENTRE,TERMON ROAD,"CARRICKMORE, OMAGH",BT79 9JR,Western
661,Drs Burke & Reilly,DROMORE SURGERY,16 CAMDERRY ROAD,"DROMORE, OMAGH",BT78 3AU,Western
662,NULL,"DRUMRAGH FAMILY PRACTICE, THE HEALTH CENTRE",MOUNTJOY ROAD,OMAGH,BT79 7BA,Western
663,NULL,"STRULE MEDICAL, THE HEALTH CENTRE",MOUNTJOY ROAD,OMAGH,BT79 7BA,Western
664,Drs Hicks & Singh,41 MAIN STREET,PLUMBRIDGE,OMAGH,BT79 8DL,Western
